genre,movie_count,average_popularity,average_rating,average_vote_count
Action,229,59.25,7.11,9298.85
Adventure,202,57.92,7.23,11970.1
Animation,93,39.3,7.45,8672.31
Comedy,163,41.03,6.95,6770.6
Crime,81,37.77,7.25,8031.2
Documentary,2,36.7,6.29,56.0
Drama,188,37.96,6.99,7584.37
Family,91,38.44,7.31,8875.37
Fantasy,101,50.78,7.27,9853.38
History,16,28.25,7.5,8216.62
Horror,103,55.65,6.58,3244.93
Music,6,41.12,7.85,8242.83
Mystery,48,41.24,7.15,6347.31
Romance,79,39.63,6.66,4049.05
Science Fiction,154,64.84,7.08,10896.81
TV Movie,5,38.85,6.57,257.4
Thriller,179,50.41,6.91,5667.5
War,14,36.13,7.87,9491.71
Western,5,38.37,7.91,14274.0
