release_year,movie_count
1930.0,1
1939.0,1
1957.0,1
1960.0,1
1962.0,1
1966.0,1
1968.0,2
1970.0,2
1971.0,1
1972.0,1
1973.0,1
1974.0,2
1975.0,2
1976.0,1
1977.0,1
1978.0,1
1979.0,3
1980.0,4
1981.0,1
1982.0,3
1983.0,2
1984.0,3
1985.0,1
1986.0,3
1987.0,3
1988.0,4
1989.0,3
1990.0,2
1991.0,2
1992.0,2
1993.0,3
1994.0,7
1995.0,6
1997.0,5
1998.0,8
1999.0,9
2000.0,5
2001.0,8
2002.0,9
2003.0,5
2004.0,14
2005.0,9
2006.0,7
2007.0,11
2008.0,8
2009.0,7
2010.0,11
2011.0,9
2012.0,10
2013.0,14
2014.0,15
2015.0,16
2016.0,15
2017.0,16
2018.0,13
2019.0,18
2020.0,2
2021.0,18
2022.0,24
2023.0,22
2024.0,37
2025.0,66
2026.0,196
