tmdb_id,title,vote_average,vote_count,popularity,release_date
1472951,Infiltrate,10.0,1,18.9032,2026-07-09
980431,Avatar Aang: The Last Airbender,9.276,816,150.8228,2026-07-24
1391021,Once Upon a Time in the Middle East,9.0,9,33.427,2026-08-08
1632181,Accidental Partners,8.9,347,24.3217,2026-03-12
1007757,Swapped,8.886,2091,61.0028,2026-05-01
278,The Shawshank Redemption,8.727,30997,60.2378,1994-09-23
238,The Godfather,8.7,23321,51.6464,1972-03-14
936075,Michael,8.7,3971,97.5208,2026-04-22
1311031,Demon Slayer: Kimetsu no Yaiba Infinity Castle,8.691,1787,133.4124,2025-07-18
687163,Project Hail Mary,8.657,6961,144.5472,2026-03-15
240,The Godfather Part II,8.571,14160,32.9871,1974-12-20
424,Schindler's List,8.57,17725,33.4189,1993-12-15
389,12 Angry Men,8.567,10221,27.7719,1957-04-10
129,Spirited Away,8.534,18670,35.7355,2001-07-20
155,The Dark Knight,8.534,36353,62.631,2008-07-16
1218925,Chainsaw Man - The Movie: Reze Arc,8.518,1100,35.8703,2025-09-19
122,The Lord of the Rings: The Return of the King,8.503,27057,53.3391,2003-12-17
497,The Green Mile,8.5,19588,35.9626,1999-12-10
1479832,DC,8.5,6,42.4465,2026-08-07
496243,Parasite,8.49,21063,38.7307,2019-05-30
