tmdb_id,title,popularity,vote_average,vote_count,release_date
969681,Spider-Man: Brand New Day,1146.6141,7.864,1568,2026-07-29
1368337,The Odyssey,819.0049,7.993,2639,2026-07-15
634649,Spider-Man: No Way Home,643.3186,7.938,22613,2021-12-15
1284041,The Last House,383.9155,6.845,465,2026-08-06
1315772,Minions & Monsters,331.3084,7.044,410,2026-06-24
1084244,Toy Story 5,294.9183,7.419,811,2026-06-17
1375646,Colony,292.9874,8.129,465,2026-05-21
1081003,Supergirl,287.6622,6.744,1780,2026-06-24
1212763,Evil Dead Burn,270.5983,7.898,958,2026-07-07
1339713,Obsession,262.6154,8.228,4572,2026-05-13
1284465,The Death of Robin Hood,258.7221,6.345,193,2026-06-18
1275779,Disclosure Day,246.4077,7.453,2682,2026-06-10
1108427,Moana,229.5025,6.0,192,2026-07-08
315635,Spider-Man: Homecoming,220.5926,7.332,23588,2017-07-05
1599191,仙逆剧场版 弑仙之战,188.0818,0.0,0,
1481343,The Devil's Mouth,185.1919,6.536,573,2026-07-29
1307118,Soulm8te,179.2709,6.473,92,2026-07-31
1083381,Backrooms,176.1763,7.101,2694,2026-05-27
557,Spider-Man,169.7288,7.342,21090,2002-05-01
1273221,Scary Movie,168.372,6.469,1575,2026-06-03
